paper,paraphrases,original_score,improved_score
768_paper.md,768_paper_paraphrases_80_3.tsv,2.6737367829591574,5.875293860503793
435_paper.md,435_paper_paraphrases_80_3.tsv,2.2103085717981164,4.014971729140384
